<?xml version="1.0"?>
<!DOCTYPE package-info SYSTEM "http://www.simplemachines.org/xml/package-info">
<!-- - - - - - - - - - - - - - - - - - - - - - - - - - - - - - - - - - - - - - -
	Package manifest file for Add Favicon.ico Support

	ATTENTION: If you are trying to install this manually, you should try
	the package manager.  If it will not work for you, please take a look
	at the following for information on this format:
		http://mods.simplemachines.org/docs/manual-install.php

	Copyright (c) 2008-2009 by Deprecated (at) Earthlink (dot) net. All rights reserved.
	Redistribution prohibited except at SimpleMachines.org

 - - - - - - - - - - - - - - - - - - - - - - - - - - - - - - - - - - - - - - -->

<package-info xmlns="http://www.simplemachines.org/xml/package-info" xmlns:smf="http://www.simplemachines.org/">

	<id>Deprecated:Add_Favicon</id>

	<name>Add Favicon.ico Support</name>

	<version>1.101</version>

	<type>modification</type>

	<install>
		<readme parsebbc="true">readme.txt</readme>
		<modification>modification.xml</modification>
	</install>

	<uninstall>
		<modification reverse="true">modification.xml</modification>
	</uninstall>

</package-info>