1/8/2013 21:43:46,Wahyu Yuda Ramadhan,1206278454,087881411126,wahyu.yuda@hotmail.com,Support - Documentation,Support - Documentation,Mencari tahu sendiri,
1/8/2013 21:46:57,Rifqi Al Fatih,1206243476,089655051889,rifqialfatih@gmail.com,Competition - HTML5 GameDev Challenge,Competition - Blender 3D Animation,"Informasi Angkatan (Jarkom, Grup FB, Twitter, dsb)",
1/8/2013 21:47:27,Haidar Aji K,1206277672,08561393636,haidar.aji.kalbuadi@gmail.com,HRD - Event,Competition - IT Solution,"Informasi Angkatan (Jarkom, Grup FB, Twitter, dsb)",
1/8/2013 21:51:36,Rizki Muhammad,1206244112,085694738175,rizki.muhammad21@ui.ac.id,Support - IT Support,Competition - IT Solution,"Informasi Angkatan (Jarkom, Grup FB, Twitter, dsb)",
1/8/2013 21:52:48,Adlan Dwijaka,1206239453,08569000807,adlan_dwijaka@yahoo.com,Event - Entertainment,Support - Equipment & Venue,"Informasi Angkatan (Jarkom, Grup FB, Twitter, dsb)",
1/8/2013 21:54:00,Muhammad Ardhan Fadhlurrahman,1206278246,081286839994,dandut88@gmail.com,Competition - HTML5 GameDev Challenge,Support - Documentation,"Informasi Angkatan (Jarkom, Grup FB, Twitter, dsb)",
1/8/2013 21:54:50,Febrina Rahdiyani,1106017042,083807993388,febrinaaa@gmail.com,Relation - Offline Marketing,Event - Roadshow,"Informasi Angkatan (Jarkom, Grup FB, Twitter, dsb)",
1/8/2013 21:57:21,Wahyu Asri Kusumawardani,1206208832,081281810401,asriwahyukei@gmail.com,HRD - Event,HRD - Competition,"Informasi Angkatan (Jarkom, Grup FB, Twitter, dsb)",
1/8/2013 21:59:07,Wahyu Bobby Priandi,1206249460,085715890345,bobbypolay@gmail.com,Event - Entertainment,Event - Entertainment,"Informasi Angkatan (Jarkom, Grup FB, Twitter, dsb)",
1/8/2013 21:59:27,Adlian Zaim Akbar,1206222471,083816462704,adlian.z@hotmail.com,Support - Equipment & Venue,Relation - Online Marketing,Mencari tahu sendiri,
1/8/2013 22:01:41,Saadaturrohim Nafiah Al-Khoir,1206208542,085691478188,nafiah.al-khoir@hotmail.com,Secretary,Event - Seminar,"Informasi Angkatan (Jarkom, Grup FB, Twitter, dsb)",
1/8/2013 22:03:04,Hanif Ibadurrahman,1206208593,085773289830,hanifibadur@gmail.com,Support - Design & Multimedia,Competition - Blender 3D Animation,"Informasi Angkatan (Jarkom, Grup FB, Twitter, dsb)",
1/8/2013 22:11:00,Triando,1206237265,087741964243,andotri23@yahoo.co.id,Competition - Robotic,Support - IT Support,Mencari tahu sendiri,
1/8/2013 22:16:32,Fathia Prinastiti Sunarso,1106021525,085695410711,thiasunarso@gmail.com,Relation - Sponsorship,Support - Documentation,"Informasi Angkatan (Jarkom, Grup FB, Twitter, dsb)",
1/8/2013 22:20:45,Gohan Parningotan,1206238085,083873099622,gohanparningotanlg@gmail.com,Event - Seminar,Competition - Blender 3D Animation,Mencari tahu sendiri,
1/8/2013 22:35:44,Mitra Surya Darojat,1206208946,085726200479,darojat.mitra@ymail.com,Event - Seminar,Event - Seminar,"Informasi Angkatan (Jarkom, Grup FB, Twitter, dsb)",
1/8/2013 22:38:52,Adelia Herlisa,1206208284,085769233411,adelia.herlisa@ui.ac.id,Secretary,Support - Food & Beverages,"Informasi Angkatan (Jarkom, Grup FB, Twitter, dsb)",
1/8/2013 22:42:18,Saqib,1206250235,085693830394,saqibabud@yahoo.com,Relation - Sponsorship,Competition - IT Solution,"Informasi Angkatan (Jarkom, Grup FB, Twitter, dsb)",
1/8/2013 22:46:19,Muhammad Julio Emirleo,1206227371,08980833610,julioemirleo@yahoo.com,Relation - Online Marketing,Event - Roadshow,Mencari tahu sendiri,
1/8/2013 23:03:23,Ghassani Herning Pradita,1206229755,087868564164,ghassanihp@gmail.com,Event - Seminar,Secretary,"Informasi Angkatan (Jarkom, Grup FB, Twitter, dsb)",
1/8/2013 23:04:33,Rennie Nonaestrelita,1106018663,08568132323,nonaestrelitarennie@gmail.com,Support - Food & Beverages,Support - Food & Beverages,"Informasi Angkatan (Jarkom, Grup FB, Twitter, dsb)",
1/8/2013 23:39:32,Faisal Rahman,1206230851,08561230531,keel.zebiel@gmail.com,Support - Design & Multimedia,Relation - Offline Marketing,"Informasi Angkatan (Jarkom, Grup FB, Twitter, dsb)",
1/8/2013 23:42:56,Bintang Annisa Bagustari,1206208302,085766121004,bbintang94@gmail.com,HRD - Event,HRD - Support,"Informasi Angkatan (Jarkom, Grup FB, Twitter, dsb)",
1/8/2013 23:55:59,Indah Ayu Fauziah,1206239283,085711202779,indahayu24@gmail.com,Event - Entertainment,Event - Playground,,
1/9/2013 0:45:20,Abdul Mukhlis,1206278435,089601010283,mukhlisou@gmail.com,Competition - Robotic,Event - Seminar,"Informasi Angkatan (Jarkom, Grup FB, Twitter, dsb)",
1/9/2013 0:53:06,Evan Octavius Saputra,1206250140,087883776322,evan_octavius@yahoo.com,Competition - HTML5 GameDev Challenge,Support - Food & Beverages,"Informasi Angkatan (Jarkom, Grup FB, Twitter, dsb)",
1/9/2013 1:47:17,Mikael Tamirin,1206249044,087771883357,mikael.tamirin@ui.ac.id,HRD - Event,Event - Roadshow,"Informasi Angkatan (Jarkom, Grup FB, Twitter, dsb)",
1/9/2013 6:42:56,Novian Habibie,1106000451,085777921849,novianhabibie@gmail.com,Competition - Robotic,Competition - Robotic,"Informasi Angkatan (Jarkom, Grup FB, Twitter, dsb)",
1/9/2013 6:44:34,Hilmy Mahfuzra,1206241836,085265945172,available_sneakpeek@yahoo.co.id,Event - Entertainment,Relation - Online Marketing,"Informasi Angkatan (Jarkom, Grup FB, Twitter, dsb)",
1/9/2013 8:21:20,Dalilah Ghaisani,1206208385,085311327100,dalilah.ghaisani@gmail.com,HRD - Event,Event - Roadshow,Mencari tahu sendiri,
1/9/2013 9:37:11,Hilmy Khairy,1206277855,081808809650,hilmykhairy@yahoo.co.id,Event - Roadshow,Relation - Offline Marketing,"Informasi Angkatan (Jarkom, Grup FB, Twitter, dsb)",
1/9/2013 9:47:40,Aditya Brahma Esmondo,1206277470,085313108111,aditya.brahma@rocketmail.com,HRD - Support,Support - Transportation & Security,"Informasi Angkatan (Jarkom, Grup FB, Twitter, dsb)",
1/9/2013 9:53:07,Eka Qadri Nuranti B,1206208113,085242480514,ekaaqadrii@yahoo.com,Relation - Media Partner,Event - Seminar,"Informasi Angkatan (Jarkom, Grup FB, Twitter, dsb)",
1/9/2013 10:15:58,Dicky Wahyudi,1206224016,085381711141,dic_wahyu@yahoo.com,HRD - Support,Support - Equipment & Venue,"Informasi Angkatan (Jarkom, Grup FB, Twitter, dsb)",
1/9/2013 13:22:46,Tyas Kusuma Handayani,1206208214,085226659000,tyas.kusuma@ui.ac.id,Support - Fundraising,Support - Decoration,"Informasi Angkatan (Jarkom, Grup FB, Twitter, dsb)",
1/9/2013 13:57:00,Martin Oenang,1206237334,08992424775,rocketmailz@yahoo.com,HRD - Event,Competition - Competitive Programming,"Informasi Angkatan (Jarkom, Grup FB, Twitter, dsb)",
1/9/2013 15:22:02,Mochammad Gavin Norman Hakim,1206289855,081282534905,gapinex@gmail.com,Event - Roadshow,Support - Documentation,Mencari tahu sendiri,
1/9/2013 17:15:12,David Lawrence,1206208523,085691007768,dark.magic91@yahoo.co.id,HRD - Competition,Event - Seminar,Mencari tahu sendiri,
1/9/2013 18:01:35,Novela Spalo Vianza,1106087774,02183298060,novela.spalo@gmail.com,Support - Design & Multimedia,Relation - Online Marketing,"Informasi Angkatan (Jarkom, Grup FB, Twitter, dsb)",
1/9/2013 18:23:03,Emir Syehsar Tahir,1106087622,081410058806,emir.syehsar@gmail.com,Event - Playground,Support - Decoration,"Informasi Angkatan (Jarkom, Grup FB, Twitter, dsb)",
1/9/2013 19:02:38,Syifa Khairunnisa,1206245286,089606580221,syifa.kha@gmail.com,Support - Design & Multimedia,Support - Design & Multimedia,"Informasi Angkatan (Jarkom, Grup FB, Twitter, dsb)",
1/9/2013 19:05:35,M. Qolbiyan Hakim,1206227655,082373682801,m.qolbiyan@ui.ac.id,Relation - Sponsorship,Event - Playground,"Informasi Angkatan (Jarkom, Grup FB, Twitter, dsb)",
1/9/2013 19:14:46,Amanda Ghaisani,1106015232,085691393938,amndgh@gmail.com,Relation - Online Marketing,Relation - Online Marketing,Mau tau banget? :3,mau dums :3
1/9/2013 20:41:42,Thesar Muhammad Zuhri,1206208183,085253664585,the_sar28@yahoo.co.uk,Event - Entertainment,Support - Decoration,Mencari tahu sendiri,
1/9/2013 20:52:51,Elka Pratika Ilman,1206242542,085723131440,elkapilman@gmail.com,Event - Entertainment,Competition - Blender 3D Animation,"Informasi Angkatan (Jarkom, Grup FB, Twitter, dsb)",
1/9/2013 20:56:41,Pamela Novranska,1206244711,085717773811,pamela_novranska@hotmail.com,Event - Roadshow,Relation - Sponsorship,Mencari tahu sendiri,
1/9/2013 21:52:45,Althea Averina,1206208082,085697049477,altheaaverina@gmail.com,Support - Design & Multimedia,Support - Decoration,"Informasi Angkatan (Jarkom, Grup FB, Twitter, dsb)",
1/9/2013 21:53:28,Dhisa Valentia,1106017282,08126781248,dhisavalen@gmail.com,Event - Seminar,Support - Food & Beverages,"Informasi Angkatan (Jarkom, Grup FB, Twitter, dsb)",
1/10/2013 5:45:52,Nilamsari Putri Utami,1206208920,08561370502,ainara.aya@gmail.com,Secretary,Relation - Online Marketing,"Informasi Angkatan (Jarkom, Grup FB, Twitter, dsb)",
1/10/2013 10:54:01,Agnes Agustinamora,1206239421,085217367331,aagustinamora@gmail.com,Relation - Sponsorship,HRD - Event,Mencari tahu sendiri,
1/10/2013 11:22:10,we,123,123,asd@.a.com,Secretary,Secretary,Mencari tahu sendiri,<- ?
1/10/2013 11:34:07,Theo Pratama Silitonga,1206241054,082168046272,theo.silitonga@gmail.com,Event - Roadshow,Relation - Online Marketing,"Informasi Angkatan (Jarkom, Grup FB, Twitter, dsb)",
1/10/2013 13:33:48,Hendri Hermawan,1206208851,083875825295,hendrihmwn@gmail.com,Event - Playground,Support - Decoration,"Informasi Angkatan (Jarkom, Grup FB, Twitter, dsb)",
1/10/2013 17:34:54,M. Fadhil Anugrahadi,1206241136,08170834359,fadhilanugrahadi@gmail.com,Event - Playground,Relation - Sponsorship,"Informasi Angkatan (Jarkom, Grup FB, Twitter, dsb)",
1/10/2013 19:54:18,Fathiya El Huda,1106012703,08566344449,fathiyaelhuda@gmail.com,HRD - Competition,HRD - Competition,"Informasi Angkatan (Jarkom, Grup FB, Twitter, dsb)",
1/10/2013 20:05:35,Aulia Ramadhani Kusno,1106009513,083873706869,auliaramadhani316@gmail.com,Support - Food & Beverages,Support - Decoration,Mencari tahu sendiri,
1/10/2013 20:55:08,Helmi Fakhriandi Rachman,1206277312,081398503050,92hell@gmail.com,Relation - Sponsorship,Event - Playground,Mencari tahu sendiri,
1/10/2013 21:43:30,Muslim,1206208845,087894055178,mu51im.x28@gmail.com,Support - Decoration,Support - Food & Beverages,Mencari tahu sendiri,
1/10/2013 22:09:41,Muhammad Adriyanto,1206239535,081546216200,madriyanto@live.com,Relation - Sponsorship,Support - Decoration,"Informasi Angkatan (Jarkom, Grup FB, Twitter, dsb)",
1/11/2013 7:09:13,Yoga Widyakrisna,1206278164,085780350090,sudahterpakaisemua@hotmail.com,Support - Equipment & Venue,Support - Food & Beverages,"Informasi Angkatan (Jarkom, Grup FB, Twitter, dsb)",
1/11/2013 7:37:37,Fauridho mahran,1106088625,08561080364,Fmahran@ymail.com,Event - Roadshow,Support - Transportation & Security,"Informasi Angkatan (Jarkom, Grup FB, Twitter, dsb)",
1/11/2013 12:10:15,Hargiyanti Wulan Anggi Utami,1106023190,085692509353,hargiyantiwulan@gmail.com,Relation - Media Partner,Relation - Offline Marketing,"Informasi Angkatan (Jarkom, Grup FB, Twitter, dsb)",
1/12/2013 10:23:07,Rennie Nonaestrelita,1106018663,08568132323,nonaestrelitarennie@gmail.com,Event - Entertainment,Support - Food & Beverages,"Informasi Angkatan (Jarkom, Grup FB, Twitter, dsb)",
1/12/2013 10:51:46,Antonius Mario Satria Hermawan,1106087906,08563034030,antonius.mario93@gmail.com,Support - Equipment & Venue,Secretary,Mencari tahu sendiri,
1/12/2013 11:21:53,Vincenda Diaz Putra Suharyono,1206208100,087876545137,vincendadiaz7@gmail.com,Support - Documentation,Support - Documentation,Mencari tahu sendiri,
1/12/2013 12:42:01,Bill Harry Hubertus Saragih,1106088631,085762542068,billdeyrosa@gmail.com,Support - Transportation & Security,Competition - Ultrabook Apps Challenge,"Informasi Angkatan (Jarkom, Grup FB, Twitter, dsb)",
1/12/2013 17:33:33,Randy Danniswara,1106088455,081809008040,randy.danniswara@gmail.com,HRD - Relation,Relation - Online Marketing,Mencari tahu sendiri,
1/12/2013 18:28:07,yuliana khairani,1106000924,085694451242,yuliana.khairani@gmail.com,Relation - Offline Marketing,Relation - Offline Marketing,Mencari tahu sendiri,
1/12/2013 18:51:03,syeftiarini fani sutendi,1106053590,085697223912,syefti.sutendi@gmail.com,Event - Seminar,Support - Decoration,"Informasi Angkatan (Jarkom, Grup FB, Twitter, dsb)",
1/12/2013 19:11:44,Intan Kusumadewi Utami,1206237952,085694323669,intan.utami@gmail.com,Relation - Press,Relation - Online Marketing,"Informasi Angkatan (Jarkom, Grup FB, Twitter, dsb)",
1/12/2013 19:16:05,Mukti Unggul Sejati,1106021752,08976252931,tmook26@gmail.com,Support - Design & Multimedia,Support - Design & Multimedia,"Informasi Angkatan (Jarkom, Grup FB, Twitter, dsb)",
1/12/2013 20:16:11,Nurul Fitriani,1106087931,083870006249,nurulftrn@gmail.com,Event - Roadshow,Event - Seminar,"Informasi Angkatan (Jarkom, Grup FB, Twitter, dsb)",
1/12/2013 21:05:58,Berliana Siagian,1106088285,095373577181,berliana_si93@yahoo.com,Event - Roadshow,Event - Seminar,"Informasi Angkatan (Jarkom, Grup FB, Twitter, dsb)",
1/12/2013 21:09:53,Muhammad Jodie Ariandano,1206222906,081282270701,joeariandano22@gmail.com,Support - Fundraising,Support - Equipment & Venue,"Informasi Angkatan (Jarkom, Grup FB, Twitter, dsb)",
1/12/2013 21:24:30,Rizda Dwi Prasetya,1206277722,083896432515,kotaksuratkawat@yahoo.com,Support - Design & Multimedia,Event - Seminar,"Informasi Angkatan (Jarkom, Grup FB, Twitter, dsb)",
1/12/2013 21:39:08,Rizky Andika Putra,1206208334,081265448251,rizkyandika88@gmail.com,Relation - Sponsorship,Support - Fundraising,"Informasi Angkatan (Jarkom, Grup FB, Twitter, dsb)",
1/12/2013 22:20:16,Amni Alfira,1206208813,081807411716,amni.alfira@gmail.com,Relation - Press,Event - Roadshow,"Informasi Angkatan (Jarkom, Grup FB, Twitter, dsb)",
1/12/2013 23:04:45,Ahmad Muttaqin Damanik,1206208441,087780033530,taqin.damanik@gmail.com,Support - Design & Multimedia,Relation - Press,"Informasi Angkatan (Jarkom, Grup FB, Twitter, dsb)",
1/12/2013 23:14:56,Ivan Putera Masli,1106053565,08176010110,ivanmasli@gmail.com,Competition - Competitive Programming,Competition - IT Solution,sering buka forum umum,
1/12/2013 23:35:48,Wina Hardini,1106007855,085793256228,wina.hardini@gmail.com,HRD - Event,HRD - Event,"Informasi Angkatan (Jarkom, Grup FB, Twitter, dsb)",
1/13/2013 0:45:16,Wina Hardini,1106007855,085793256228,wina.hardini@gmail.com,HRD - Event,Support - Decoration,"Informasi Angkatan (Jarkom, Grup FB, Twitter, dsb)",
1/13/2013 5:13:31,Fahmi Hidayat,1206208776,085775892689,lahilote96@gmail.com,Event - Roadshow,Support - IT Support,"Informasi Angkatan (Jarkom, Grup FB, Twitter, dsb)",
1/13/2013 5:55:40,Cakra Wishnu Wardhana,1206208271,085729071068,cakra.wishnu@gmail.com,Competition - Competitive Programming,Support - Documentation,Mencari tahu sendiri,
1/13/2013 7:11:59,Thirafi Dide,1206240814,08988455872,jurnaldide@gmail.com,Support - IT Support,Support - Decoration,Mencari tahu sendiri,
1/13/2013 11:12:50,TERESA,1106088032,085274243352,teresa.mulyawan@gmail.com,HRD - Event,Event - Seminar,"Informasi Angkatan (Jarkom, Grup FB, Twitter, dsb)",
1/13/2013 12:01:09,Anita Kartika Sintiadewi,1106088581,087722132184,anita.sintiadewi@gmail.com,HRD - Event,Support - Decoration,"Informasi Angkatan (Jarkom, Grup FB, Twitter, dsb)",
1/13/2013 12:24:17,teguh iman riadi,1206247556,085747780840,teguh.iman21@ui.ac.id,Support - IT Support,Competition - IT Solution,SCELE,
1/13/2013 14:36:45,Muhammad Febrian Ramadhana,1106053602,08388064761,febrian.12@gmail.com,Competition - Competitive Programming,HRD - Competition,"Informasi Angkatan (Jarkom, Grup FB, Twitter, dsb)",
1/13/2013 15:07:31,Jonathan Cesario,1206208473,08159095068,mjonathancesario@gmail.com,Event - Entertainment,Secretary,Mencari tahu sendiri,
1/13/2013 15:23:04,Aulia Rasyid,1206241571,081808208237,auliarasyid44@gmail.com,Event - Roadshow,Event - Playground,"Informasi Angkatan (Jarkom, Grup FB, Twitter, dsb)",
1/13/2013 16:02:47,Hani Awaliyah,1206240474,085778720187,haniawaliyah@gmail.com,Event - Roadshow,Relation - Sponsorship,"Informasi Angkatan (Jarkom, Grup FB, Twitter, dsb)",
1/13/2013 16:21:45,Debi  Wulandari,1206208795,083180270794,debiwulandari1@gmail.com,Relation - Sponsorship,Support - Fundraising,"Informasi Angkatan (Jarkom, Grup FB, Twitter, dsb)",
1/13/2013 16:23:55,Gary Alexander Parung,1206245891,081355038616,gary_alexanderparung@hotmail.com,Competition - Competitive Programming,HRD - Competition,"Informasi Angkatan (Jarkom, Grup FB, Twitter, dsb)",< sama
1/13/2013 16:23:57,Gary Alexander Parung,1206245891,081355038616,gary_alexanderparung@hotmail.com,Competition - Competitive Programming,HRD - Competition,"Informasi Angkatan (Jarkom, Grup FB, Twitter, dsb)",< sama
1/13/2013 16:23:59,Gary Alexander Parung,1206245891,081355038616,gary_alexanderparung@hotmail.com,Competition - Competitive Programming,HRD - Competition,"Informasi Angkatan (Jarkom, Grup FB, Twitter, dsb)",< sama
1/13/2013 17:46:36,Dyna Asvianti Rahimatullah,1206208681,083180232699,dyna.asvianti@ui.ac.id,Relation - Online Marketing,Relation - Online Marketing,"Informasi Angkatan (Jarkom, Grup FB, Twitter, dsb)",
1/13/2013 18:25:39,Suci Fadhilah,1106014740,085768102927,sucifadhilah23@gmail.com,HRD - Competition,HRD - Competition,"Informasi Angkatan (Jarkom, Grup FB, Twitter, dsb)",
1/13/2013 18:55:26,teguh iman riadi,1206247556,085747780840,teguh.iman21@ui.ac.id,Competition - HTML5 GameDev Challenge,Competition - IT Solution,scele,
1/13/2013 20:16:03,Cynthia Puspita Dwi Kurniawati,1106003636,85648872077,cynthia.masykur@gmail.com,Support - Fundraising,HRD - Event,"Informasi Angkatan (Jarkom, Grup FB, Twitter, dsb)",
1/13/2013 21:53:50,Hussein Iman Azhary,1206241874,85777811711,hussein.azhar@gmail.com,Event - Roadshow,Support - Equipment & Venue,Mencari tahu sendiri,
1/14/2013 0:03:15,Aldi Reinaldi,1106053746,8567184615,aldi.reinaldi@ui.ac.id,Event - Seminar,Support - IT Support,"Informasi Angkatan (Jarkom, Grup FB, Twitter, dsb)",
1/14/2013 2:04:16,Satrio Gumilar,1106087862,+6285695506363,gumilarcok@gmail.com,Relation - Online Marketing,Relation - Online Marketing,dari mana yaaa? kasih tau ga yaaaa? hmmm....,
1/14/2013 6:16:50,Reza Briantoro,1106009955,81392783593,rezabriantoro@gmail.com,Relation - Offline Marketing,Relation - Offline Marketing,"Informasi Angkatan (Jarkom, Grup FB, Twitter, dsb)",
1/14/2013 8:25:30,Rizky Wijayanti,1106088530,85775572895,rizky.wijayanti_16@yahoo.com,HRD - Relation,HRD - Relation,"Informasi Angkatan (Jarkom, Grup FB, Twitter, dsb)",
1/14/2013 9:56:01,Zahrul Addini,1206208883,85789940265,zahrul.addini@ui.ac.id,Relation - Online Marketing,Support - Fundraising,Mencari tahu sendiri,
1/14/2013 11:46:24,Anggi Maulidyani Harahap,1106053672,81311512404,missorlybloon@yahoo.com,Support - Decoration,HRD - Competition,Mencari tahu sendiri,
1/14/2013 11:49:56,Irania,1106018985,85720618144,irania@ui.ac.id,Competition - Robotic,Competition - Robotic,"Informasi Angkatan (Jarkom, Grup FB, Twitter, dsb)",
1/14/2013 13:17:00,Reza Mauliadi,1106014854,81263167555,reza_mauliadi@yahoo.co.id,Support - Documentation,Event - Entertainment,Mencari tahu sendiri,
1/14/2013 15:19:07,Ika Sepfy Dayanti,1106011032,85711960698,ika.sepfy@gmail.com,Support - Decoration,Event - Seminar,Mencari tahu sendiri,
1/14/2013 17:58:44,Febyola Tiara Putri,1206288764,85393383155,febyolatiar@yahoo.com,Relation - Press,Relation - Press,Mencari tahu sendiri,
1/14/2013 19:37:05,Rizkania Amaranggana Yusuf,1206278460,81218446961,amarangganar@hotmail.com,Relation - Offline Marketing,Support - Documentation,"Informasi Angkatan (Jarkom, Grup FB, Twitter, dsb)",